Source:,C:\Users\aero\OneDrive - University of Vermont\Documents\GitHub\AERO_2022-2023\Rear-Control-Board\Rear-Control-Board-Design\rear-control-board.kicad_sch,,,,
Date:,11/30/2022 13:27,,,,
Tool:,Eeschema (6.0.1),,,,
Component Count:,55,,,,
Ref,Value,Footprint,Datasheet,Manufacturer,Vendor
C1,10uF,Capacitor_SMD:C_0603_1608Metric_Pad1.08x0.95mm_HandSolder,~,,
C2,1u,Capacitor_SMD:C_0603_1608Metric_Pad1.08x0.95mm_HandSolder,~,,
C3,1u,Capacitor_SMD:C_0603_1608Metric_Pad1.08x0.95mm_HandSolder,~,,
C4,10uF,Capacitor_SMD:C_0603_1608Metric_Pad1.08x0.95mm_HandSolder,~,,
C8,0.1u,Capacitor_SMD:C_0603_1608Metric_Pad1.08x0.95mm_HandSolder,~,,
C12,0.1u,Capacitor_SMD:C_0603_1608Metric_Pad1.08x0.95mm_HandSolder,~,,
C13,1u,Capacitor_SMD:C_0603_1608Metric_Pad1.08x0.95mm_HandSolder,~,,
D1,TS4148C RZG,Diode_SMD:D_0603_1608Metric_Pad1.05x0.95mm_HandSolder,~,,
D2,SP0502BAHT,Package_TO_SOT_SMD:SOT-23,http://www.littelfuse.com/~/media/files/littelfuse/technical%20resources/documents/data%20sheets/sp05xxba.pdf,,
D3,D_KAK,Package_TO_SOT_SMD:TO-252-2,~,,
D4,1N4148,Diode_SMD:D_SOD-123,https://assets.nexperia.com/documents/data-sheet/1N4148_1N4448.pdf,,
D5,1N4148,Diode_SMD:D_SOD-123,https://assets.nexperia.com/documents/data-sheet/1N4148_1N4448.pdf,,
D6,SP0502BAHT,Package_TO_SOT_SMD:SOT-23,http://www.littelfuse.com/~/media/files/littelfuse/technical%20resources/documents/data%20sheets/sp05xxba.pdf,,
D7,SP0502BAHT,Package_TO_SOT_SMD:SOT-23,http://www.littelfuse.com/~/media/files/littelfuse/technical%20resources/documents/data%20sheets/sp05xxba.pdf,,
D8,LED,LED_SMD:LED_0603_1608Metric_Pad1.05x0.95mm_HandSolder,~,,
D9,DESD2CAN2SOQ-7,Package_TO_SOT_SMD:SOT-23,http://www.onsemi.com/pub_link/Collateral/NUP2105L-D.PDF,,
D10,FERD20M60ST,Package_TO_SOT_THT:TO-220-3_Vertical,~,,
D11,FERD20M60ST,Package_TO_SOT_THT:TO-220-3_Vertical,~,,
D12,FERD20M60ST,Package_TO_SOT_THT:TO-220-3_Vertical,~,,
F1,2A,AERO_Footprints:Fuseholder_Blade_Mini_Keystone_3568,~,,
F2,10A,AERO_Footprints:Fuseholder_Blade_Mini_Keystone_3568,~,,
F3,15A,AERO_Footprints:Fuseholder_Blade_Mini_Keystone_3568,~,,
F4,2A,AERO_Footprints:Fuseholder_Blade_Mini_Keystone_3568,~,,
F5,5A,AERO_Footprints:Fuseholder_Blade_Mini_Keystone_3568,~,,
F6,15A,AERO_Footprints:Fuseholder_Blade_Mini_Keystone_3568,~,,
F7,5A,AERO_Footprints:Fuseholder_Blade_Mini_Keystone_3568,~,,
F8,2A,AERO_Footprints:Fuseholder_Blade_Mini_Keystone_3568,~,,
F9,1A,AERO_Footprints:Fuseholder_Blade_Mini_Keystone_3568,~,,
F10,2A,AERO_Footprints:Fuseholder_Blade_Mini_Keystone_3568,~,,
F11,20A,AERO_Footprints:Fuseholder_Blade_Mini_Keystone_3568,~,,
H1,MountingHole,MountingHole:MountingHole_3.2mm_M3,~,,
H2,MountingHole,MountingHole:MountingHole_3.2mm_M3,~,,
J1,Conn_01x23,AERO_Footprints:TE_1-770669-1_23pin_Horizontal,~,,
J2,Conn_01x23,AERO_Footprints:TE_1-770669-1_23pin_Horizontal,~,,
J3,Conn_01x08,AERO_Footprints:TE_1-776280-1_8pin_Horizontal,~,,
J4,JST-B2B-VERT-2PIN,Connector_JST:JST_XH_B2B-XH-AM_1x02_P2.50mm_Vertical,~,,
J5,JST-B2B-VERT-2PIN,Connector_JST:JST_XH_B2B-XH-AM_1x02_P2.50mm_Vertical,~,,
J6,Conn_01x02,Connector_JST:JST_NV_B02P-NV_1x02_P5.00mm_Vertical,~,,
J7,Micro_SD_Card,Connector_Card:microSD_HC_Wuerth_693072010801,http://katalog.we-online.de/em/datasheet/693072010801.pdf,,
K1,T9VV1K15-12S,AERO_Footprints:RELAY_T9VV1K15-12S,https://www.te.com/commerce/DocumentDelivery/DDEController?Action=srchrtrv&DocNm=Power_PCB_Relay_T9V_Solar&DocType=DS&DocLang=English,,
K2,G5V-2,Relay_THT:Relay_DPDT_Omron_G5V-2,http://omronfs.omron.com/en_US/ecb/products/pdf/en-g5v_2.pdf,,
K3,G5V-2,Relay_THT:Relay_DPDT_Omron_G5V-2,http://omronfs.omron.com/en_US/ecb/products/pdf/en-g5v_2.pdf,,
Q2,PSMN5R2-60YL,Package_TO_SOT_SMD:LFPAK56,https://assets.nexperia.com/documents/data-sheet/PSMN5R2-60YL.pdf,,
Q3,PSMN5R2-60YL,Package_TO_SOT_SMD:LFPAK56,https://assets.nexperia.com/documents/data-sheet/PSMN5R2-60YL.pdf,,
Q4,PSMN5R2-60YL,Package_TO_SOT_SMD:LFPAK56,https://assets.nexperia.com/documents/data-sheet/PSMN5R2-60YL.pdf,,
R2,330,Resistor_SMD:R_0603_1608Metric_Pad0.98x0.95mm_HandSolder,~,,
R3,10k,Resistor_SMD:R_0603_1608Metric_Pad0.98x0.95mm_HandSolder,~,,
R4,1k,Resistor_SMD:R_0603_1608Metric_Pad0.98x0.95mm_HandSolder,~,,
R5,10K,Resistor_SMD:R_0603_1608Metric_Pad0.98x0.95mm_HandSolder,~,,
R6,120,Resistor_SMD:R_0603_1608Metric_Pad0.98x0.95mm_HandSolder,~,,
R7,1k,Resistor_SMD:R_0603_1608Metric_Pad0.98x0.95mm_HandSolder,~,,
R8,2.2K,Resistor_SMD:R_0603_1608Metric_Pad0.98x0.95mm_HandSolder,~,,
U1,Dev_Board_C,esp32:ESP32-DevKitC,,,
U2,TS2940CP33 ROG,Package_TO_SOT_SMD:TO-252-2,https://www.taiwansemi.com/assets/uploads/datasheet/TS2940_D15.pdf,,
U4,MAX33054EASA+T,AERO_Footprints:SOIC127P600X175-8N,,,
